Customer ID,Recency,Frequency,Revenue,Days ago registered
customer #0,578.0,15.0,30.0,449.0
customer #1,50.0,74.0,851.6,890.0
customer #2,834.0,26.0,51.0,1077.0
customer #3,878.0,63.0,224.0,1112.0
customer #4,446.0,13.0,76.0,625.0
customer #5,635.0,25.0,98.0,818.0
customer #6,154.0,25.0,327.0,1005.0
customer #7,171.0,4.0,60.9,410.0
customer #8,148.0,37.0,234.7,583.0
customer #9,590.0,46.0,473.0,1136.0
customer #10,18.0,34.0,67.0,879.0
customer #11,580.0,3.0,6.0,598.0
customer #12,318.0,26.0,194.0,567.0
customer #13,174.0,78.0,253.8,711.0
customer #14,21.0,13.0,876.6,857.0
customer #15,387.0,4.0,154.0,311.0
customer #16,222.0,28.0,205.0,1108.0
customer #17,326.0,13.0,26.0,436.0
customer #18,148.0,38.0,180.8,401.0
customer #19,506.0,128.0,545.0,1103.0
customer #20,494.0,34.0,110.0,991.0
customer #21,90.0,38.0,179.8,338.0
customer #22,193.0,40.0,131.9,439.0
customer #23,781.0,17.0,514.0,1045.0
customer #24,93.0,34.0,115.0,673.0
customer #25,776.0,13.0,73.0,1179.0
customer #26,497.0,46.0,139.0,744.0
customer #27,442.0,37.0,121.0,959.0
customer #28,155.0,20.0,1040.9,1051.0
customer #29,564.0,15.0,30.0,358.0
customer #30,146.0,46.0,89.0,541.0
customer #31,200.0,54.0,160.9,463.0
customer #32,692.0,52.0,151.0,851.0
customer #33,259.0,18.0,88.9,700.0
customer #34,606.0,68.0,470.0,888.0
customer #35,63.0,20.0,722.6,919.0
customer #36,154.0,6.0,172.7,541.0
customer #37,524.0,90.0,227.0,899.0
customer #38,16.0,34.0,67.0,583.0
customer #39,150.0,16.0,135.9,552.0
customer #40,835.0,22.0,143.0,362.0
customer #41,18.0,40.0,440.5,879.0
customer #42,16.0,37.0,125.9,583.0
customer #43,251.0,17.0,227.9,903.0
customer #44,562.0,23.0,94.0,358.0
customer #45,378.0,54.0,300.0,970.0
customer #46,48.0,57.0,113.0,313.0
customer #47,98.0,42.0,73.0,673.0
customer #48,176.0,68.0,233.8,441.0
customer #49,807.0,29.0,105.0,1051.0
customer #50,244.0,33.0,117.9,636.0
customer #51,374.0,71.0,142.0,970.0
customer #52,190.0,56.0,549.7,893.0
customer #53,155.0,3.0,5.0,583.0
customer #54,833.0,33.0,162.0,362.0
customer #55,153.0,9.0,18.0,541.0
customer #56,154.0,5.0,10.0,402.0
customer #57,104.0,31.0,113.9,348.0
customer #58,211.0,18.0,87.9,482.0
customer #59,828.0,92.0,230.0,1099.0
customer #60,379.0,61.0,168.0,629.0
customer #61,20.0,15.0,974.7,586.0
customer #62,149.0,31.0,221.7,583.0
customer #63,178.0,112.0,207.0,1141.0
customer #64,548.0,98.0,293.0,805.0
customer #65,552.0,7.0,204.0,797.0
customer #66,827.0,59.0,216.0,1077.0
customer #67,232.0,25.0,343.8,529.0
customer #68,606.0,11.0,68.0,787.0
customer #69,386.0,11.0,22.0,970.0
customer #70,411.0,30.0,248.0,654.0
customer #71,152.0,16.0,129.0,401.0
customer #72,20.0,47.0,128.9,604.0
customer #73,558.0,60.0,168.0,808.0
customer #74,829.0,51.0,198.0,388.0
customer #75,144.0,65.0,233.8,633.0
customer #76,655.0,30.0,154.0,789.0
customer #77,417.0,38.0,124.0,681.0
customer #78,52.0,66.0,837.6,397.0
customer #79,501.0,36.0,120.0,746.0
customer #80,443.0,32.0,63.0,625.0
customer #81,419.0,81.0,210.0,673.0
customer #82,590.0,59.0,258.0,859.0
customer #83,385.0,19.0,33.0,970.0
customer #84,106.0,107.0,1282.9,1058.0
customer #85,377.0,53.0,254.0,311.0
customer #86,229.0,63.0,371.9,908.0
customer #87,567.0,14.0,76.0,808.0
customer #88,277.0,61.0,499.0,1002.0
customer #89,418.0,1.0,49.0,1.0
customer #90,153.0,12.0,23.0,541.0
customer #91,655.0,89.0,470.0,930.0
customer #92,325.0,15.0,125.0,517.0
customer #93,535.0,32.0,302.0,842.0
customer #94,589.0,103.0,347.0,864.0
customer #95,495.0,115.0,278.0,845.0
customer #96,229.0,59.0,220.9,361.0
customer #97,148.0,38.0,73.0,583.0
customer #98,326.0,31.0,352.0,879.0
customer #99,554.0,81.0,210.0,856.0
customer #100,636.0,49.0,144.0,1002.0
customer #101,17.0,59.0,256.0,1134.0
customer #102,203.0,41.0,187.8,390.0
customer #103,93.0,66.0,5819.7,673.0
customer #104,385.0,14.0,176.0,629.0
customer #105,203.0,39.0,132.9,463.0
customer #106,174.0,61.0,172.9,542.0
customer #107,94.0,17.0,1678.8,886.0
customer #108,503.0,7.0,61.0,832.0
customer #109,152.0,14.0,25.0,402.0
customer #110,54.0,67.0,159.0,919.0
customer #111,155.0,7.0,15.0,1051.0
customer #112,108.0,18.0,140.8,349.0
customer #113,12.0,87.0,168.0,283.0
customer #114,321.0,71.0,332.0,908.0
customer #115,44.0,61.0,674.95,664.0
customer #116,147.0,42.0,81.0,361.0
customer #117,25.0,19.0,338.6,764.0
customer #118,198.0,23.0,97.9,461.0
customer #119,382.0,32.0,260.0,970.0
customer #120,209.0,10.0,73.9,390.0
customer #121,537.0,10.0,256.0,1136.0
customer #122,152.0,14.0,125.0,402.0
customer #123,166.0,11.0,74.9,406.0
customer #124,306.0,17.0,175.0,556.0
customer #125,25.0,29.0,208.7,820.0
customer #126,117.0,87.0,326.8,557.0
customer #127,299.0,64.0,273.0,552.0
customer #128,385.0,20.0,35.0,970.0
customer #129,305.0,19.0,84.0,577.0
customer #130,5.0,128.0,542.0,361.0
customer #131,204.0,35.0,121.9,390.0
customer #132,207.0,36.0,72.0,888.0
customer #133,15.0,67.0,651.4,748.0
customer #134,66.0,45.0,119.9,780.0
customer #135,201.0,12.0,380.5,500.0
customer #136,201.0,51.0,102.0,390.0
customer #137,565.0,9.0,65.0,358.0
customer #138,373.0,78.0,152.0,970.0
customer #139,153.0,9.0,15.0,402.0
customer #140,19.0,32.0,56.0,879.0
customer #141,111.0,76.0,490.9,614.0
customer #142,148.0,36.0,168.0,402.0
customer #143,58.0,50.0,202.8,468.0
customer #144,416.0,42.0,131.0,681.0
customer #145,835.0,20.0,38.0,362.0
customer #146,177.0,61.0,545.2,575.0
customer #147,329.0,67.0,275.0,579.0
customer #148,384.0,23.0,189.0,629.0
customer #149,119.0,41.0,20.0,816.0
customer #150,484.0,69.0,278.0,780.0
customer #151,208.0,17.0,85.9,463.0
customer #152,57.0,54.0,210.8,700.0
customer #153,143.0,59.0,118.0,361.0
customer #154,442.0,35.0,67.0,625.0
customer #155,20.0,51.0,604.4,748.0
customer #156,497.0,73.0,522.0,938.0
customer #157,597.0,2.0,50.0,835.0
customer #158,303.0,43.0,234.0,552.0
customer #159,665.0,40.0,127.0,930.0
customer #160,59.0,42.0,108.0,397.0
customer #161,24.0,7.0,374.5,787.0
customer #162,141.0,26.0,206.7,603.0
customer #163,244.0,5.0,9.0,483.0
customer #164,326.0,4.0,56.0,565.0
customer #165,13.0,80.0,369.6,1134.0
customer #166,418.0,2.0,2.0,1.0
customer #167,481.0,81.0,309.0,780.0
customer #168,184.0,53.0,546.8,855.0
customer #169,563.0,22.0,43.0,358.0
customer #170,209.0,12.0,74.9,390.0
customer #171,14.0,47.0,944.6,869.0
customer #172,54.0,63.0,126.0,469.0
customer #173,543.0,106.0,502.0,805.0
customer #174,387.0,4.0,7.0,629.0
customer #175,214.0,1.0,2.0,463.0
customer #176,94.0,9.0,435.2,453.0
customer #177,18.0,28.0,102.0,857.0
customer #178,49.0,91.0,206.0,890.0
customer #179,115.0,90.0,569.9,948.0
customer #180,298.0,59.0,165.0,566.0
customer #181,595.0,70.0,187.0,817.0
customer #182,102.0,52.0,245.0,849.0
customer #183,17.0,64.0,917.6,869.0
customer #184,52.0,73.0,543.6,687.0
customer #185,16.0,99.0,198.0,504.0
customer #186,29.0,11.0,174.7,361.0
customer #187,240.0,31.0,113.9,640.0
customer #188,66.0,6.0,9.0,469.0
customer #189,98.0,71.0,283.0,728.0
customer #190,837.0,12.0,25.0,362.0
customer #191,483.0,69.0,138.0,781.0
customer #192,33.0,48.0,304.6,309.0
customer #193,74.0,40.0,391.4,421.0
customer #194,384.0,19.0,38.0,311.0
customer #195,507.0,1.0,49.0,745.0
customer #196,181.0,38.0,361.0,575.0
customer #197,653.0,94.0,770.0,924.0
customer #198,410.0,41.0,82.0,397.0
customer #199,583.0,26.0,242.0,934.0
customer #200,148.0,35.0,70.0,583.0
customer #201,203.0,40.0,131.9,505.0
customer #202,43.0,41.0,177.0,815.0
customer #203,834.0,27.0,53.0,1077.0
customer #204,133.0,50.0,827.6,656.0
customer #205,16.0,19.0,38.0,511.0
customer #206,826.0,101.0,249.0,1084.0
customer #207,435.0,69.0,430.0,996.0
customer #208,195.0,79.0,266.8,390.0
customer #209,148.0,37.0,179.8,361.0
customer #210,501.0,88.0,224.0,845.0
customer #211,899.0,17.0,80.0,1141.0
customer #212,390.0,10.0,257.0,927.0
customer #213,326.0,21.0,29.0,436.0
customer #214,838.0,7.0,12.0,362.0
customer #215,16.0,40.0,41.0,389.0
customer #216,562.0,26.0,49.0,358.0
customer #217,454.0,24.0,240.0,722.0
customer #218,297.0,49.0,197.0,1179.0
customer #219,66.0,45.0,118.9,313.0
customer #220,10.0,89.0,229.9,604.0
customer #221,577.0,18.0,135.0,598.0
customer #222,650.0,21.0,90.0,892.0
customer #223,145.0,52.0,102.0,402.0
customer #224,20.0,80.0,1794.3,1039.0
customer #225,151.0,20.0,138.0,402.0
customer #226,55.0,63.0,120.0,700.0
customer #227,134.0,9.0,68.9,662.0
customer #228,347.0,12.0,165.0,959.0
customer #229,413.0,56.0,159.0,428.0
customer #230,365.0,7.0,14.0,617.0
customer #231,206.0,26.0,52.0,463.0
customer #232,207.0,19.0,37.0,908.0
customer #233,386.0,10.0,21.0,629.0
customer #234,284.0,43.0,327.0,532.0
customer #235,561.0,29.0,57.0,358.0
customer #236,377.0,55.0,306.0,311.0
customer #237,433.0,81.0,208.0,625.0
customer #238,17.0,33.0,64.0,586.0
customer #239,91.0,91.0,5836.7,1136.0
customer #240,122.0,15.0,133.8,416.0
customer #241,206.0,24.0,45.0,390.0
customer #242,615.0,6.0,59.0,1029.0
customer #243,473.0,17.0,128.0,850.0
customer #244,261.0,6.0,62.9,500.0
customer #245,261.0,67.0,280.9,909.0
customer #246,11.0,59.0,1060.7,583.0
customer #247,528.0,19.0,33.0,1103.0
customer #248,172.0,71.0,247.8,542.0
customer #249,382.0,31.0,55.0,629.0
customer #250,21.0,74.0,1782.3,776.0
customer #251,331.0,4.0,149.0,806.0
customer #252,300.0,50.0,294.0,585.0
customer #253,326.0,11.0,21.0,566.0
customer #254,327.0,35.0,4130.0,687.0
customer #255,62.0,28.0,50.0,469.0
customer #256,210.0,89.0,325.0,1054.0
customer #257,102.0,55.0,2691.2,849.0
customer #258,764.0,42.0,130.0,1010.0
customer #259,836.0,13.0,25.0,362.0
customer #260,617.0,27.0,52.0,860.0
customer #261,219.0,38.0,75.0,464.0
customer #262,214.0,62.0,174.9,465.0
customer #263,149.0,14.0,79.9,449.0
customer #264,216.0,38.0,270.0,1108.0
customer #265,626.0,30.0,254.0,820.0
customer #266,508.0,17.0,130.0,749.0
customer #267,626.0,6.0,200.0,867.0
customer #268,577.0,20.0,137.0,598.0
customer #269,620.0,8.0,17.0,898.0
customer #270,115.0,31.0,1194.9,816.0
customer #271,802.0,33.0,206.0,1422.0
customer #272,786.0,9.0,549.0,1140.0
customer #273,148.0,34.0,67.0,361.0
customer #274,16.0,65.0,115.0,857.0
customer #275,175.0,69.0,561.2,870.0
customer #276,211.0,2.0,2.0,505.0
customer #277,149.0,31.0,222.7,361.0
customer #278,560.0,35.0,118.0,358.0
customer #279,334.0,59.0,976.0,1017.0
customer #280,215.0,65.0,2653.5,1108.0
customer #281,180.0,27.0,984.6,883.0
customer #282,389.0,13.0,264.0,658.0
customer #283,148.0,35.0,231.7,402.0
customer #284,250.0,26.0,103.9,493.0
customer #285,14.0,46.0,93.0,583.0
customer #286,727.0,37.0,169.0,991.0
customer #287,167.0,38.0,330.7,959.0
customer #288,305.0,10.0,113.0,1210.0
customer #289,441.0,46.0,378.0,996.0
customer #290,486.0,72.0,436.0,991.0
customer #291,372.0,99.0,534.0,927.0
customer #292,702.0,2.0,1.0,851.0
customer #293,696.0,30.0,57.0,914.0
customer #294,150.0,25.0,156.8,401.0
customer #295,187.0,8.0,68.9,749.0
customer #296,309.0,8.0,207.0,566.0
customer #297,18.0,38.0,2111.9,777.0
customer #298,527.0,8.0,111.0,908.0
customer #299,145.0,53.0,264.7,361.0
customer #300,296.0,39.0,361.0,756.0
customer #301,689.0,47.0,141.0,729.0
customer #302,259.0,118.0,287.9,665.0
customer #303,98.0,131.0,1321.6,868.0
customer #304,301.0,28.0,55.0,1179.0
customer #305,383.0,27.0,55.0,311.0
customer #306,307.0,28.0,54.0,552.0
customer #307,120.0,7.0,14.0,816.0
customer #308,145.0,44.0,186.9,552.0
customer #309,51.0,70.0,845.6,919.0
customer #310,480.0,96.0,239.0,737.0
customer #311,153.0,11.0,118.0,583.0
customer #312,264.0,76.0,559.6,786.0
customer #313,72.0,94.0,1052.9,1142.0
customer #314,18.0,44.0,996.7,441.0
customer #315,134.0,106.0,320.8,402.0
customer #316,235.0,32.0,61.0,1114.0
customer #317,152.0,15.0,29.0,402.0
customer #318,51.0,71.0,140.0,919.0
customer #319,358.0,69.0,186.0,615.0
customer #320,505.0,26.0,99.0,748.0
customer #321,205.0,30.0,57.0,908.0
customer #322,190.0,106.0,212.0,390.0
customer #323,50.0,77.0,202.0,919.0
customer #324,185.0,23.0,143.8,441.0
customer #325,635.0,63.0,172.0,890.0
customer #326,356.0,48.0,379.0,700.0
customer #327,246.0,46.0,803.9,812.0
customer #328,154.0,7.0,12.0,401.0
customer #329,824.0,88.0,656.0,1271.0
customer #330,145.0,53.0,104.0,401.0
customer #331,362.0,25.0,478.0,617.0
customer #332,690.0,52.0,199.0,760.0
customer #333,96.0,64.0,2857.4,550.0
customer #334,327.0,14.0,16.0,805.0
customer #335,205.0,30.0,57.0,390.0
customer #336,27.0,16.0,532.4,604.0
customer #337,743.0,13.0,122.0,983.0
customer #338,18.0,27.0,105.9,586.0
customer #339,481.0,94.0,234.0,746.0
customer #340,570.0,2.0,50.0,856.0
customer #341,372.0,9.0,64.0,699.0
customer #342,47.0,29.0,440.9,815.0
customer #343,677.0,72.0,333.0,1111.0
customer #344,641.0,37.0,167.0,1061.0
customer #345,528.0,17.0,328.0,1103.0
customer #346,384.0,40.0,414.0,658.0
customer #347,27.0,17.0,187.7,361.0
customer #348,579.0,10.0,115.0,449.0
customer #349,196.0,30.0,427.5,651.0
customer #350,220.0,100.0,250.9,493.0
customer #351,146.0,46.0,89.0,541.0
customer #352,327.0,17.0,316.0,805.0
customer #353,371.0,87.0,317.0,311.0
customer #354,154.0,87.0,225.9,409.0
customer #355,204.0,36.0,177.8,390.0
customer #356,479.0,77.0,202.0,1025.0
customer #357,561.0,45.0,185.0,828.0
customer #358,618.0,19.0,37.0,898.0
customer #359,298.0,43.0,87.0,1210.0
customer #360,154.0,5.0,8.0,541.0
customer #361,145.0,49.0,96.0,401.0
customer #362,367.0,53.0,296.0,648.0
customer #363,422.0,11.0,69.0,681.0
customer #364,370.0,90.0,180.0,311.0
customer #365,227.0,72.0,144.0,361.0
customer #366,498.0,9.0,65.0,991.0
customer #367,303.0,34.0,262.0,566.0
customer #368,672.0,4.0,151.0,911.0
customer #369,560.0,50.0,147.0,808.0
customer #370,11.0,93.0,974.6,857.0
customer #371,196.0,15.0,485.7,893.0
customer #372,368.0,103.0,201.0,970.0
customer #373,610.0,51.0,148.0,861.0
customer #374,858.0,18.0,512.0,1088.0
customer #375,309.0,99.0,198.0,805.0
customer #376,606.0,15.0,77.0,848.0
customer #377,121.0,68.0,719.8,1133.0
customer #378,22.0,6.0,64.9,441.0
customer #379,109.0,51.0,2613.2,728.0
customer #380,560.0,105.0,209.0,449.0
customer #381,56.0,86.0,223.9,313.0
customer #382,798.0,52.0,246.0,1046.0
customer #383,209.0,29.0,430.3,463.0
customer #384,311.0,84.0,266.0,517.0
customer #385,146.0,47.0,191.0,541.0
customer #386,627.0,7.0,60.0,866.0
customer #387,551.0,39.0,125.0,797.0
customer #388,2.0,123.0,299.9,583.0
customer #389,520.0,23.0,93.0,765.0
customer #390,147.0,43.0,85.0,361.0
customer #391,71.0,13.0,733.5,312.0
customer #392,212.0,22.0,141.9,934.0
customer #393,374.0,70.0,140.0,970.0
customer #394,554.0,71.0,378.0,908.0
customer #395,574.0,36.0,166.0,881.0
customer #396,9.0,73.0,116.0,825.0
customer #397,444.0,28.0,103.0,687.0
customer #398,371.0,88.0,172.0,629.0
customer #399,58.0,37.0,73.0,919.0
customer #400,209.0,10.0,20.0,908.0
customer #401,317.0,54.0,206.0,566.0
customer #402,273.0,48.0,2271.8,1149.0
customer #403,145.0,50.0,207.8,583.0
customer #404,489.0,127.0,349.0,723.0
customer #405,116.0,44.0,192.8,540.0
customer #406,24.0,56.0,144.0,1039.0
customer #407,374.0,72.0,139.0,311.0
customer #408,37.0,74.0,289.9,1062.0
customer #409,365.0,9.0,113.0,829.0
customer #410,653.0,58.0,259.0,934.0
customer #411,361.0,23.0,238.0,700.0
customer #412,153.0,8.0,16.0,361.0
customer #413,698.0,2.0,2.0,729.0
customer #414,411.0,55.0,206.0,367.0
customer #415,63.0,20.0,146.8,700.0
customer #416,563.0,20.0,90.0,826.0
customer #417,701.0,59.0,166.0,986.0
customer #418,116.0,48.0,147.9,540.0
customer #419,384.0,22.0,192.0,629.0
customer #420,49.0,16.0,116.0,818.0
customer #421,310.0,4.0,53.0,585.0
customer #422,96.0,68.0,92.0,1136.0
customer #423,225.0,40.0,229.8,1018.0
customer #424,48.0,35.0,633.95,437.0
customer #425,444.0,22.0,92.0,686.0
customer #426,401.0,26.0,100.0,644.0
customer #427,224.0,11.0,22.0,464.0
customer #428,363.0,15.0,31.0,617.0
customer #429,29.0,108.0,375.7,293.0
customer #430,55.0,50.0,100.0,397.0
customer #431,136.0,97.0,290.0,361.0
customer #432,382.0,35.0,259.0,629.0
customer #433,247.0,26.0,244.9,803.0
customer #434,749.0,33.0,113.0,993.0
customer #435,578.0,57.0,162.0,827.0
customer #436,147.0,63.0,1125.9,995.0
customer #437,151.0,21.0,150.8,361.0
customer #438,381.0,35.0,70.0,629.0
customer #439,207.0,20.0,145.8,463.0
customer #440,562.0,96.0,190.0,908.0
customer #441,195.0,34.0,68.0,651.0
customer #442,569.0,60.0,218.0,449.0
customer #443,405.0,2.0,50.0,700.0
customer #444,420.0,9.0,65.0,367.0
customer #445,199.0,23.0,35.0,651.0
customer #446,112.0,43.0,1216.9,1058.0
customer #447,151.0,21.0,39.0,361.0
customer #448,118.0,90.0,1889.0,856.0
customer #449,9.0,74.0,109.0,511.0
customer #450,132.0,91.0,599.2,420.0
customer #451,385.0,19.0,35.0,311.0
customer #452,23.0,19.0,3.0,583.0
customer #453,85.0,76.0,5897.7,673.0
customer #454,14.0,104.0,2493.0,746.0
customer #455,830.0,45.0,88.0,388.0
customer #456,143.0,60.0,217.0,583.0
customer #457,184.0,31.0,307.8,711.0
customer #458,251.0,23.0,94.0,493.0
customer #459,537.0,12.0,941.0,1129.0
customer #460,100.0,63.0,223.9,1034.0
customer #461,305.0,14.0,25.0,1179.0
customer #462,150.0,27.0,53.0,401.0
customer #463,165.0,4.0,166.7,404.0
customer #464,11.0,60.0,118.0,441.0
customer #465,17.0,72.0,432.9,871.0
customer #466,522.0,50.0,94.0,995.0
customer #467,185.0,4.0,59.9,542.0
customer #468,378.0,90.0,228.0,427.0
customer #469,564.0,13.0,25.0,358.0
customer #470,824.0,4.0,54.0,977.0
customer #471,818.0,104.0,206.0,388.0
customer #472,32.0,69.0,534.6,1210.0
customer #473,157.0,24.0,872.7,1136.0
customer #474,149.0,32.0,170.8,541.0
customer #475,666.0,32.0,2021.0,1105.0
customer #476,388.0,20.0,277.0,927.0
customer #477,116.0,17.0,394.5,486.0
customer #478,34.0,87.0,269.0,818.0
customer #479,11.0,88.0,315.0,372.0
customer #480,288.0,111.0,270.0,585.0
customer #481,374.0,72.0,291.0,970.0
customer #482,147.0,39.0,76.0,583.0
customer #483,44.0,75.0,359.6,346.0
customer #484,23.0,1.0,946.7,583.0
customer #485,152.0,7.0,14.0,552.0
customer #486,510.0,79.0,253.0,764.0
customer #487,213.0,5.0,387.3,463.0
customer #488,489.0,39.0,77.0,780.0
customer #489,145.0,52.0,101.0,361.0
customer #490,454.0,47.0,140.0,671.0
customer #491,376.0,63.0,268.0,970.0
customer #492,788.0,93.0,232.0,1045.0
customer #493,692.0,29.0,154.0,729.0
customer #494,49.0,31.0,114.9,437.0
customer #495,541.0,131.0,309.0,358.0
customer #496,775.0,18.0,132.0,1018.0
customer #497,96.0,40.0,79.0,420.0
customer #498,354.0,61.0,169.0,456.0
customer #499,25.0,60.0,110.0,504.0
customer #500,124.0,114.0,383.7,603.0
customer #501,200.0,9.0,385.5,500.0
customer #502,59.0,32.0,769.6,890.0
customer #503,92.0,42.0,132.0,1136.0
customer #504,382.0,34.0,259.0,311.0
customer #505,87.0,76.0,2170.5,706.0
customer #506,483.0,69.0,285.0,781.0
customer #507,201.0,50.0,205.8,908.0
customer #508,78.0,158.0,273.0,550.0
customer #509,843.0,17.0,82.0,1084.0
customer #510,384.0,20.0,36.0,629.0
customer #511,448.0,11.0,62.0,996.0
customer #512,831.0,39.0,176.0,388.0
customer #513,313.0,34.0,262.0,547.0
customer #514,656.0,89.0,215.0,930.0
customer #515,43.0,30.0,675.9,922.0
customer #516,539.0,11.0,69.0,779.0
customer #517,661.0,59.0,260.0,1105.0
customer #518,59.0,27.0,105.9,215.0
customer #519,824.0,76.0,249.0,1077.0
customer #520,326.0,17.0,327.0,805.0
customer #521,432.0,1.0,50.0,670.0
customer #522,22.0,30.0,111.9,748.0
customer #523,724.0,49.0,814.0,1332.0
customer #524,229.0,65.0,641.4,556.0
customer #525,205.0,32.0,65.0,463.0
customer #526,886.0,27.0,54.0,1112.0
customer #527,527.0,22.0,333.0,995.0
customer #528,543.0,17.0,131.0,754.0
customer #529,566.0,3.0,6.0,826.0
customer #530,33.0,12.0,797.8,579.0
customer #531,57.0,52.0,104.0,468.0
customer #532,167.0,20.0,30.0,437.0
customer #533,78.0,49.0,148.9,541.0
customer #534,45.0,56.0,154.9,437.0
customer #535,376.0,39.0,175.0,622.0
customer #536,145.0,51.0,263.7,361.0
customer #537,416.0,40.0,126.0,428.0
customer #538,208.0,77.0,349.0,1054.0
customer #539,387.0,7.0,203.0,970.0
customer #540,213.0,77.0,682.9,769.0
customer #541,877.0,1.0,98.0,1130.0
customer #542,190.0,64.0,482.5,651.0
customer #543,127.0,105.0,209.0,386.0
customer #544,20.0,14.0,971.7,441.0
customer #545,24.0,34.0,50.0,391.0
customer #546,882.0,45.0,184.0,1140.0
customer #547,208.0,15.0,81.9,908.0
customer #548,480.0,61.0,741.0,983.0
customer #549,151.0,21.0,140.0,361.0
customer #550,25.0,28.0,342.0,820.0
customer #551,352.0,72.0,427.0,579.0
customer #552,67.0,31.0,901.8,313.0
customer #553,86.0,135.0,2851.2,728.0
customer #554,246.0,48.0,143.0,871.0
customer #555,57.0,9.0,17.0,313.0
customer #556,326.0,57.0,256.0,675.0
customer #557,41.0,28.0,2089.5,949.0
customer #558,613.0,111.0,1094.0,1210.0
customer #559,39.0,69.0,519.9,818.0
customer #560,386.0,14.0,21.0,629.0
customer #561,597.0,2.0,2.0,835.0
customer #562,176.0,70.0,385.8,711.0
customer #563,153.0,1.0,2.0,552.0
customer #564,378.0,49.0,97.0,629.0
customer #565,152.0,22.0,43.0,995.0
customer #566,148.0,41.0,1116.9,995.0
customer #567,516.0,70.0,286.0,768.0
customer #568,516.0,101.0,250.0,776.0
customer #569,150.0,23.0,207.7,541.0
customer #570,27.0,13.0,1724.3,776.0
customer #571,95.0,54.0,5796.7,1136.0
customer #572,380.0,38.0,76.0,311.0
customer #573,327.0,14.0,309.0,436.0
customer #574,527.0,78.0,204.0,780.0
customer #575,23.0,15.0,21.0,787.0
customer #576,612.0,49.0,146.0,898.0
customer #577,788.0,35.0,257.0,1074.0
customer #578,485.0,76.0,441.0,991.0
customer #579,254.0,4.0,55.0,871.0
customer #580,150.0,24.0,145.0,541.0
customer #581,521.0,43.0,322.0,856.0
customer #582,207.0,20.0,146.8,505.0
customer #583,382.0,28.0,202.0,970.0
customer #584,213.0,52.0,1088.2,531.0
customer #585,547.0,43.0,133.0,1027.0
customer #586,604.0,16.0,505.0,1135.0
customer #587,213.0,10.0,390.3,888.0
customer #588,381.0,53.0,342.0,658.0
customer #589,54.0,27.0,48.0,313.0
customer #590,92.0,43.0,5832.7,1136.0
customer #591,333.0,159.0,506.0,801.0
customer #592,186.0,11.0,72.9,526.0
customer #593,14.0,63.0,230.8,571.0
customer #594,203.0,42.0,190.8,908.0
customer #595,127.0,62.0,174.9,693.0
customer #596,583.0,71.0,192.0,835.0
customer #597,501.0,26.0,98.0,744.0
customer #598,511.0,83.0,600.0,961.0
customer #599,672.0,37.0,121.0,917.0
customer #600,218.0,41.0,83.0,464.0
customer #601,786.0,26.0,146.0,1240.0
customer #602,588.0,46.0,92.0,835.0
customer #603,291.0,82.0,161.0,1210.0
customer #604,26.0,11.0,231.6,372.0
customer #605,386.0,10.0,212.0,970.0
customer #606,30.0,37.0,333.5,418.0
customer #607,249.0,33.0,117.9,493.0
customer #608,57.0,49.0,206.8,469.0
customer #609,192.0,50.0,100.0,500.0
customer #610,53.0,12.0,76.9,664.0
customer #611,105.0,113.0,164.0,1058.0
customer #612,256.0,33.0,64.0,500.0
customer #613,382.0,29.0,254.0,311.0
customer #614,64.0,16.0,27.0,468.0
customer #615,18.0,45.0,108.9,586.0
customer #616,488.0,65.0,418.0,746.0
customer #617,65.0,12.0,128.8,468.0
customer #618,185.0,52.0,102.0,955.0
customer #619,585.0,45.0,186.0,834.0
customer #620,21.0,8.0,17.0,586.0
customer #621,211.0,6.0,328.4,478.0
customer #622,70.0,18.0,88.9,780.0
customer #623,74.0,55.0,266.7,93.0
customer #624,569.0,62.0,125.0,598.0
customer #625,381.0,34.0,305.0,1240.0
customer #626,177.0,29.0,364.5,424.0
customer #627,645.0,50.0,341.0,894.0
customer #628,253.0,9.0,69.9,871.0
customer #629,24.0,6.0,379.5,879.0
customer #630,152.0,15.0,136.8,402.0
customer #631,140.0,35.0,220.8,552.0
customer #632,540.0,134.0,265.0,358.0
customer #633,56.0,47.0,93.0,890.0
customer #634,63.0,23.0,39.0,468.0
customer #635,816.0,37.0,169.0,1241.0
customer #636,227.0,50.0,824.7,1115.0
customer #637,29.0,53.0,1036.4,554.0
customer #638,38.0,66.0,524.9,815.0
customer #639,557.0,48.0,96.0,826.0
customer #640,252.0,20.0,360.4,497.0
customer #641,44.0,41.0,166.0,815.0
customer #642,555.0,77.0,201.0,808.0
customer #643,17.0,32.0,112.0,869.0
customer #644,669.0,40.0,176.0,1105.0
customer #645,175.0,7.0,66.9,414.0
customer #646,438.0,21.0,333.0,717.0
customer #647,570.0,55.0,107.0,598.0
customer #648,364.0,15.0,77.0,487.0
customer #649,701.0,46.0,286.0,948.0
customer #650,250.0,60.0,172.9,700.0
customer #651,145.0,48.0,257.7,541.0
customer #652,604.0,89.0,179.0,860.0
customer #653,496.0,21.0,85.0,746.0
customer #654,591.0,29.0,56.0,1029.0
customer #655,422.0,13.0,73.0,428.0
customer #656,210.0,4.0,62.9,390.0
customer #657,216.0,36.0,2642.5,1108.0
customer #658,195.0,79.0,157.0,505.0
customer #659,90.0,53.0,2927.4,673.0
customer #660,215.0,7.0,227.6,663.0
customer #661,376.0,61.0,317.0,629.0
customer #662,7.0,48.0,148.9,284.0
customer #663,50.0,87.0,856.6,397.0
customer #664,830.0,46.0,91.0,1077.0
customer #665,374.0,71.0,332.0,970.0
customer #666,564.0,42.0,177.0,810.0
customer #667,300.0,36.0,170.0,1210.0
customer #668,72.0,6.0,852.8,780.0
customer #669,204.0,37.0,181.8,390.0
customer #670,559.0,109.0,215.0,449.0
customer #671,148.0,35.0,175.8,583.0
customer #672,855.0,8.0,62.0,1301.0
customer #673,15.0,40.0,132.9,586.0
customer #674,67.0,2.0,108.8,469.0
customer #675,492.0,27.0,49.0,781.0
customer #676,721.0,65.0,177.0,913.0
customer #677,519.0,25.0,191.0,776.0
customer #678,512.0,21.0,89.0,784.0
customer #679,83.0,117.0,2996.4,673.0
customer #680,152.0,21.0,292.7,773.0
customer #681,199.0,5.0,218.6,477.0
customer #682,210.0,11.0,125.8,635.0
customer #683,583.0,72.0,191.0,1029.0
customer #684,181.0,20.0,398.4,764.0
customer #685,149.0,29.0,58.0,541.0
customer #686,50.0,31.0,615.95,437.0
customer #687,381.0,38.0,70.0,970.0
customer #688,107.0,38.0,382.5,554.0
customer #689,377.0,74.0,483.0,658.0
customer #690,662.0,74.0,2059.0,1105.0
customer #691,424.0,72.0,238.0,678.0
customer #692,195.0,80.0,160.0,463.0
customer #693,441.0,40.0,128.0,687.0
customer #694,880.0,56.0,112.0,1140.0
customer #695,20.0,20.0,3.0,389.0
customer #696,385.0,20.0,323.0,1034.0
customer #697,97.0,17.0,2855.4,550.0
customer #698,402.0,111.0,270.0,681.0
customer #699,51.0,71.0,846.6,919.0
customer #700,527.0,20.0,40.0,1103.0
customer #701,210.0,8.0,66.9,908.0
customer #702,679.0,112.0,508.0,986.0
customer #703,274.0,56.0,158.0,523.0
customer #704,833.0,30.0,159.0,362.0
customer #705,145.0,51.0,102.0,401.0
customer #706,202.0,47.0,92.0,390.0
customer #707,203.0,40.0,79.0,908.0
customer #708,384.0,18.0,231.0,629.0
customer #709,71.0,11.0,729.5,1042.0
customer #710,250.0,24.0,47.0,493.0
customer #711,873.0,29.0,105.0,1088.0
customer #712,90.0,78.0,144.0,550.0
customer #713,64.0,17.0,34.0,700.0
customer #714,146.0,47.0,200.8,541.0
customer #715,210.0,5.0,118.8,908.0
customer #716,324.0,20.0,41.0,517.0
customer #717,265.0,22.0,201.7,509.0
customer #718,637.0,73.0,662.0,1135.0
customer #719,147.0,40.0,78.0,583.0
customer #720,345.0,104.0,497.0,700.0
customer #721,201.0,49.0,99.0,390.0
customer #722,502.0,47.0,190.0,723.0
customer #723,209.0,13.0,77.9,505.0
customer #724,147.0,41.0,81.0,541.0
customer #725,525.0,30.0,354.0,995.0
customer #726,274.0,18.0,644.3,852.0
customer #727,891.0,4.0,102.0,1112.0
customer #728,560.0,35.0,69.0,358.0
customer #729,378.0,49.0,97.0,970.0
customer #730,666.0,40.0,362.0,951.0
customer #731,144.0,57.0,114.0,583.0
customer #732,64.0,19.0,14.0,890.0
customer #733,888.0,40.0,126.0,1134.0
customer #734,403.0,90.0,227.0,659.0
customer #735,207.0,21.0,42.0,505.0
customer #736,837.0,48.0,142.0,1099.0
customer #737,544.0,44.0,135.0,968.0
customer #738,152.0,15.0,129.0,583.0
customer #739,66.0,45.0,908.8,313.0
customer #740,384.0,22.0,40.0,970.0
customer #741,99.0,8.0,2836.4,1136.0
customer #742,99.0,105.0,2720.2,849.0
customer #743,187.0,15.0,126.8,711.0
customer #744,14.0,112.0,225.0,418.0
customer #745,688.0,69.0,187.0,914.0
customer #746,355.0,29.0,249.0,488.0
customer #747,149.0,29.0,55.0,401.0
customer #748,209.0,12.0,23.0,463.0
customer #749,831.0,39.0,124.0,1077.0
customer #750,224.0,10.0,17.0,464.0
customer #751,258.0,20.0,39.0,700.0
customer #752,519.0,79.0,205.0,773.0
customer #753,494.0,60.0,168.0,744.0
customer #754,222.0,14.0,80.9,463.0
customer #755,80.0,32.0,254.9,857.0
customer #756,207.0,21.0,40.0,463.0
customer #757,273.0,15.0,810.6,579.0
customer #758,438.0,57.0,594.0,720.0
customer #759,590.0,116.0,280.0,940.0
customer #760,655.0,85.0,2125.0,911.0
customer #761,226.0,2.0,55.9,464.0
customer #762,567.0,17.0,80.0,856.0
customer #763,100.0,47.0,2825.4,1136.0
customer #764,192.0,35.0,70.0,893.0
customer #765,301.0,55.0,255.0,575.0
customer #766,717.0,84.0,263.0,1114.0
customer #767,17.0,16.0,32.0,389.0
customer #768,577.0,21.0,40.0,449.0
customer #769,40.0,98.0,190.0,860.0
customer #770,483.0,72.0,138.0,780.0
customer #771,695.0,37.0,122.0,914.0
customer #772,147.0,34.0,65.0,552.0
customer #773,298.0,63.0,171.0,566.0
customer #774,202.0,11.0,73.9,442.0
customer #775,805.0,18.0,80.0,1046.0
customer #776,10.0,64.0,387.5,317.0
customer #777,58.0,43.0,87.0,468.0
customer #778,365.0,6.0,453.0,617.0
customer #779,48.0,59.0,112.0,860.0
customer #780,405.0,67.0,182.0,397.0
customer #781,839.0,0.0,0.0,388.0
customer #782,148.0,34.0,68.0,401.0
customer #783,413.0,16.0,80.0,836.0
customer #784,128.0,135.0,375.8,361.0
customer #785,131.0,24.0,203.7,374.0
customer #786,606.0,19.0,131.0,848.0
customer #787,193.0,53.0,208.8,446.0
customer #788,59.0,33.0,769.6,397.0
customer #789,388.0,3.0,0.0,970.0
customer #790,479.0,30.0,738.0,1029.0
customer #791,666.0,43.0,123.0,951.0
customer #792,378.0,52.0,251.0,970.0
customer #793,210.0,5.0,10.0,390.0
customer #794,580.0,7.0,14.0,908.0
customer #795,681.0,64.0,176.0,932.0
customer #796,368.0,12.0,71.0,579.0
customer #797,0.0,99.0,197.0,511.0
customer #798,606.0,100.0,440.0,819.0
customer #799,808.0,41.0,650.0,886.0
customer #800,646.0,5.0,58.0,1030.0
customer #801,241.0,6.0,974.2,493.0
customer #802,321.0,35.0,165.0,566.0
customer #803,131.0,78.0,312.7,552.0
customer #804,22.0,34.0,275.6,372.0
customer #805,30.0,37.0,333.5,504.0
customer #806,703.0,33.0,162.0,1063.0
customer #807,62.0,28.0,33.0,919.0
customer #808,540.0,16.0,79.0,781.0
customer #809,677.0,30.0,348.0,924.0
customer #810,839.0,3.0,3.0,1077.0
customer #811,567.0,53.0,199.0,838.0
customer #812,65.0,2.0,4.0,890.0
customer #813,241.0,24.0,257.6,499.0
customer #814,153.0,4.0,107.9,552.0
customer #815,62.0,68.0,163.9,312.0
customer #816,129.0,86.0,322.8,603.0
customer #817,22.0,7.0,959.7,441.0
customer #818,595.0,8.0,17.0,1029.0
customer #819,294.0,9.0,66.0,534.0
customer #820,235.0,96.0,483.9,364.0
customer #821,233.0,39.0,181.9,1114.0
customer #822,701.0,17.0,81.0,912.0
customer #823,680.0,91.0,181.0,1178.0
customer #824,565.0,11.0,20.0,358.0
customer #825,208.0,31.0,113.9,588.0
customer #826,467.0,55.0,252.0,719.0
customer #827,410.0,41.0,129.0,397.0
customer #828,153.0,14.0,1061.9,1051.0
customer #829,345.0,69.0,232.0,686.0
customer #830,206.0,26.0,106.9,908.0
customer #831,225.0,6.0,64.9,464.0
customer #832,785.0,72.0,239.0,1044.0
customer #833,55.0,59.0,115.0,700.0
customer #834,255.0,5.0,596.9,493.0
customer #835,574.0,36.0,120.0,908.0
customer #836,594.0,16.0,79.0,835.0
customer #837,151.0,20.0,144.8,583.0
customer #838,67.0,32.0,116.9,312.0
customer #839,522.0,78.0,204.0,775.0
customer #840,48.0,55.0,110.0,860.0
customer #841,148.0,21.0,245.7,726.0
customer #842,54.0,16.0,166.7,305.0
customer #843,148.0,126.0,677.9,1135.0
customer #844,571.0,51.0,102.0,598.0
customer #845,382.0,32.0,205.0,311.0
customer #846,261.0,4.0,7.0,500.0
customer #847,557.0,67.0,182.0,856.0
customer #848,293.0,55.0,204.0,516.0
customer #849,116.0,26.0,53.0,1058.0
customer #850,33.0,15.0,298.5,504.0
customer #851,207.0,21.0,148.8,463.0
customer #852,384.0,21.0,185.0,970.0
customer #853,211.0,69.0,282.9,1179.0
customer #854,560.0,37.0,124.0,358.0
customer #855,529.0,33.0,162.0,773.0
customer #856,147.0,6.0,54.12,964.0
customer #857,566.0,7.0,14.0,358.0
customer #858,154.0,7.0,14.0,583.0
customer #859,668.0,27.0,101.0,951.0
customer #860,262.0,64.0,219.41,544.0
customer #861,368.0,7.0,111.0,668.0
customer #862,26.0,10.0,537.4,604.0
customer #863,214.0,31.0,317.6,947.0
customer #864,83.0,28.0,473.2,417.0
customer #865,219.0,127.0,3920.8,1130.0
customer #866,141.0,62.0,120.0,552.0
customer #867,66.0,48.0,779.5,1042.0
customer #868,18.0,74.0,2099.4,809.0
customer #869,144.0,56.0,271.7,401.0
customer #870,634.0,26.0,99.0,788.0
customer #871,210.0,3.0,58.9,505.0
customer #872,232.0,44.0,87.0,1114.0
customer #873,772.0,36.0,167.0,1018.0
customer #874,572.0,47.0,93.0,908.0
customer #875,547.0,81.0,257.0,908.0
customer #876,400.0,61.0,5921.0,1084.0
customer #877,14.0,65.0,94.0,441.0
customer #878,306.0,37.0,122.0,697.0
customer #879,256.0,31.0,115.9,500.0
customer #880,21.0,9.0,964.7,586.0
customer #881,141.0,92.0,151.0,1051.0
customer #882,237.0,20.0,36.0,361.0
customer #883,169.0,99.0,624.2,870.0
customer #884,558.0,62.0,172.0,808.0
customer #885,211.0,2.0,3.0,390.0
customer #886,193.0,110.0,214.0,888.0
customer #887,685.0,67.0,181.0,1178.0
customer #888,201.0,51.0,102.0,505.0
customer #889,523.0,21.0,89.0,765.0
customer #890,580.0,42.0,178.0,863.0
customer #891,593.0,22.0,93.0,1029.0
customer #892,254.0,47.0,480.9,394.0
customer #893,570.0,54.0,204.0,908.0
customer #894,410.0,40.0,129.0,1.0
customer #895,53.0,18.0,76.9,664.0
customer #896,209.0,12.0,132.8,505.0
customer #897,491.0,54.0,154.0,740.0
customer #898,148.0,37.0,71.0,401.0
customer #899,613.0,47.0,143.0,860.0
customer #900,192.0,94.0,186.0,463.0
customer #901,600.0,13.0,166.0,941.0
customer #902,360.0,37.0,502.0,617.0
customer #903,184.0,53.0,105.0,433.0
customer #904,151.0,21.0,140.0,402.0
customer #905,204.0,35.0,177.8,908.0
customer #906,145.0,51.0,200.0,361.0
customer #907,587.0,73.0,921.0,879.0
customer #908,230.0,13.0,77.9,470.0
customer #909,498.0,12.0,316.0,746.0
customer #910,54.0,57.0,160.0,397.0
customer #911,161.0,31.0,103.12,405.0
customer #912,143.0,62.0,282.7,541.0
customer #913,141.0,29.0,208.8,603.0
customer #914,418.0,37.0,451.0,841.0
customer #915,484.0,5.0,296.0,992.0
customer #916,153.0,12.0,23.0,402.0
customer #917,402.0,80.0,159.0,1.0
customer #918,504.0,31.0,110.0,748.0
customer #919,168.0,7.0,408.7,808.0
customer #920,79.0,43.0,130.9,349.0
customer #921,838.0,41.0,128.0,1099.0
customer #922,69.0,201.0,358.0,673.0
customer #923,875.0,79.0,256.0,1140.0
customer #924,565.0,51.0,149.0,725.0
customer #925,421.0,40.0,174.0,856.0
customer #926,323.0,7.0,203.0,745.0
customer #927,128.0,35.0,422.7,518.0
customer #928,319.0,47.0,92.0,517.0
customer #929,578.0,16.0,130.0,908.0
customer #930,118.0,42.0,376.4,358.0
customer #931,150.0,27.0,213.7,402.0
customer #932,6.0,85.0,169.0,441.0
customer #933,415.0,15.0,28.0,397.0
customer #934,64.0,5.0,59.0,919.0
customer #935,145.0,50.0,97.0,402.0
customer #936,111.0,46.0,444.5,565.0
customer #937,386.0,23.0,2513.0,753.0
customer #938,151.0,22.0,203.7,401.0
customer #939,382.0,6.0,248.0,642.0
customer #940,300.0,34.0,116.0,516.0
customer #941,63.0,20.0,146.8,700.0
customer #942,387.0,4.0,156.0,970.0
customer #943,532.0,39.0,125.0,778.0
customer #944,152.0,17.0,195.7,401.0
customer #945,485.0,5.0,57.0,783.0
customer #946,67.0,3.0,0.0,700.0
customer #947,35.0,37.0,125.9,280.0
customer #948,192.0,46.0,530.7,1141.0
customer #949,10.0,104.0,491.0,820.0
customer #950,578.0,84.0,361.0,835.0
customer #951,547.0,8.0,110.0,964.0
customer #952,49.0,92.0,185.0,700.0
customer #953,577.0,18.0,36.0,908.0
customer #954,620.0,12.0,72.0,860.0
customer #955,96.0,52.0,93.0,1136.0
customer #956,189.0,6.0,256.8,441.0
customer #957,877.0,4.0,105.0,1116.0
customer #958,586.0,15.0,222.0,827.0
customer #959,418.0,77.0,491.0,682.0
customer #960,30.0,64.0,230.8,286.0
customer #961,7.0,81.0,215.9,441.0
customer #962,257.0,16.0,332.8,999.0
customer #963,854.0,35.0,117.0,1099.0
customer #964,828.0,55.0,110.0,388.0
customer #965,155.0,1.0,110.8,401.0
customer #966,26.0,126.0,645.9,818.0
customer #967,880.0,86.0,317.0,1136.0
customer #968,148.0,36.0,69.0,402.0
customer #969,217.0,82.0,353.9,919.0
customer #970,219.0,21.0,93.9,461.0
customer #971,46.0,108.0,897.6,890.0
customer #972,573.0,40.0,179.0,449.0
customer #973,20.0,53.0,389.0,361.0
customer #974,189.0,33.0,116.9,955.0
customer #975,23.0,24.0,1364.2,968.0
customer #976,284.0,71.0,190.0,607.0
customer #977,696.0,13.0,24.0,1178.0
customer #978,358.0,43.0,179.0,867.0
customer #979,272.0,6.0,208.8,1134.0
customer #980,671.0,29.0,1969.0,911.0
customer #981,398.0,93.0,427.0,785.0
customer #982,697.0,7.0,63.0,1178.0
customer #983,189.0,29.0,111.9,955.0
customer #984,86.0,100.0,5888.7,550.0
customer #985,206.0,87.0,2744.5,1054.0
customer #986,190.0,26.0,50.0,433.0
customer #987,488.0,2.0,52.0,844.0
customer #988,244.0,57.0,165.9,871.0
customer #989,361.0,27.0,241.0,700.0
customer #990,145.0,48.0,194.0,401.0
customer #991,150.0,25.0,209.7,402.0
customer #992,64.0,16.0,27.0,469.0
customer #993,164.0,67.0,184.9,450.0
customer #994,526.0,33.0,112.0,770.0
customer #995,145.0,49.0,204.8,583.0
customer #996,6.0,68.0,135.0,389.0
customer #997,327.0,14.0,560.0,893.0
customer #998,777.0,84.0,264.0,976.0
customer #999,382.0,34.0,210.0,970.0
customer #1000,12.0,85.0,155.0,869.0
customer #1001,140.0,2.0,54.9,378.0
customer #1002,387.0,4.0,205.0,970.0
customer #1003,362.0,133.0,407.0,970.0
customer #1004,155.0,2.0,162.7,541.0
customer #1005,371.0,87.0,366.0,311.0
customer #1006,22.0,44.0,241.7,820.0
customer #1007,202.0,127.0,2779.5,1054.0
customer #1008,831.0,38.0,174.0,1077.0
customer #1009,835.0,22.0,44.0,362.0
customer #1010,73.0,13.0,710.5,312.0
customer #1011,712.0,58.0,163.0,961.0
customer #1012,375.0,67.0,325.0,629.0
customer #1013,570.0,53.0,106.0,908.0
customer #1014,311.0,3.0,153.0,575.0
customer #1015,13.0,81.0,369.6,1134.0
customer #1016,72.0,4.0,58.9,1042.0
customer #1017,579.0,8.0,15.0,449.0
customer #1018,227.0,73.0,244.9,361.0
customer #1019,699.0,48.0,241.0,1032.0
customer #1020,591.0,6.0,59.0,830.0
customer #1021,110.0,72.0,645.5,974.0
customer #1022,154.0,5.0,108.0,541.0
customer #1023,169.0,26.0,1096.8,1029.0
customer #1024,59.0,42.0,82.0,468.0
customer #1025,226.0,21.0,1204.8,1048.0
customer #1026,32.0,67.0,852.9,669.0
customer #1027,655.0,45.0,137.0,902.0
customer #1028,568.0,64.0,126.0,598.0
customer #1029,47.0,91.0,232.0,890.0
customer #1030,250.0,26.0,100.0,493.0
customer #1031,436.0,64.0,419.0,959.0
customer #1032,608.0,55.0,158.0,857.0
customer #1033,503.0,50.0,336.0,764.0
customer #1034,564.0,17.0,35.0,826.0
customer #1035,561.0,28.0,56.0,358.0
customer #1036,339.0,14.0,222.0,616.0
customer #1037,55.0,103.0,1024.8,780.0
customer #1038,19.0,47.0,236.0,372.0
customer #1039,694.0,42.0,85.0,851.0
customer #1040,144.0,54.0,205.0,541.0
customer #1041,136.0,95.0,189.0,541.0
customer #1042,155.0,1.0,3.0,361.0
customer #1043,427.0,42.0,224.0,999.0
customer #1044,386.0,14.0,169.0,629.0
customer #1045,143.0,58.0,116.0,401.0
customer #1046,149.0,33.0,171.8,401.0
customer #1047,842.0,19.0,85.0,1084.0
customer #1048,845.0,63.0,173.0,1362.0
customer #1049,565.0,8.0,17.0,358.0
customer #1050,609.0,75.0,197.0,862.0
customer #1051,585.0,13.0,316.0,828.0
customer #1052,206.0,23.0,46.0,908.0
customer #1053,190.0,46.0,548.7,1141.0
customer #1054,311.0,9.0,113.0,562.0
customer #1055,438.0,54.0,107.0,687.0
customer #1056,95.0,13.0,314.9,654.0
customer #1057,142.0,65.0,227.0,401.0
customer #1058,339.0,33.0,257.0,595.0
customer #1059,365.0,25.0,144.0,963.0
customer #1060,493.0,98.0,244.0,750.0
customer #1061,700.0,8.0,66.0,851.0
customer #1062,206.0,26.0,52.0,505.0
customer #1063,232.0,32.0,62.0,476.0
customer #1064,190.0,27.0,105.9,433.0
customer #1065,204.0,37.0,72.0,463.0
customer #1066,838.0,41.0,128.0,1084.0
customer #1067,612.0,8.0,63.0,940.0
customer #1068,47.0,15.0,82.9,288.0
customer #1069,740.0,17.0,81.0,981.0
customer #1070,813.0,132.0,265.0,362.0
customer #1071,436.0,68.0,183.0,996.0
customer #1072,208.0,16.0,32.0,908.0
customer #1073,185.0,17.0,459.2,575.0
customer #1074,386.0,12.0,71.0,626.0
customer #1075,151.0,21.0,139.0,583.0
customer #1076,143.0,62.0,229.8,402.0
customer #1077,188.0,34.0,121.9,433.0
customer #1078,145.0,53.0,104.0,361.0
customer #1079,689.0,44.0,89.0,729.0
customer #1080,12.0,72.0,1054.7,586.0
customer #1081,28.0,35.0,2327.8,600.0
customer #1082,221.0,39.0,129.9,553.0
customer #1083,117.0,37.0,1606.5,1041.0
customer #1084,799.0,50.0,143.0,1422.0
customer #1085,162.0,9.0,58.12,412.0
customer #1086,563.0,21.0,42.0,826.0
customer #1087,194.0,23.0,45.0,1141.0
customer #1088,115.0,59.0,1188.9,816.0
customer #1089,370.0,93.0,426.0,628.0
customer #1090,283.0,134.0,315.0,877.0
customer #1091,415.0,72.0,238.0,642.0
customer #1092,155.0,22.0,10.0,995.0
customer #1093,386.0,30.0,395.0,927.0
customer #1094,210.0,4.0,7.0,505.0
customer #1095,682.0,33.0,161.0,1033.0
customer #1096,381.0,40.0,74.0,970.0
customer #1097,679.0,65.0,369.0,851.0
customer #1098,149.0,30.0,168.8,541.0
customer #1099,358.0,44.0,75.0,617.0
customer #1100,362.0,27.0,43.0,617.0
customer #1101,108.0,26.0,300.7,611.0
customer #1102,191.0,49.0,79.0,893.0
customer #1103,370.0,91.0,177.0,311.0
customer #1104,483.0,97.0,334.0,908.0
customer #1105,212.0,34.0,497.9,899.0
customer #1106,538.0,1.0,50.0,776.0
customer #1107,146.0,47.0,254.7,583.0
customer #1108,14.0,65.0,1038.7,583.0
customer #1109,150.0,24.0,209.7,401.0
customer #1110,399.0,6.0,247.0,735.0
customer #1111,480.0,116.0,425.0,741.0
customer #1112,137.0,91.0,181.0,402.0
customer #1113,329.0,0.0,295.0,436.0
customer #1114,100.0,47.0,5750.7,550.0
customer #1115,605.0,73.0,241.0,857.0
customer #1116,113.0,13.0,931.3,496.0
customer #1117,27.0,35.0,1513.0,1137.0
customer #1118,672.0,10.0,303.0,930.0
customer #1119,805.0,17.0,179.0,1046.0
customer #1120,365.0,3.0,446.0,617.0
customer #1121,23.0,11.0,22.0,787.0
customer #1122,63.0,45.0,1928.2,981.0
customer #1123,185.0,18.0,323.0,575.0
customer #1124,835.0,21.0,42.0,388.0
customer #1125,496.0,68.0,1961.0,759.0
customer #1126,350.0,19.0,229.0,614.0
customer #1127,776.0,31.0,108.0,1021.0
customer #1128,14.0,78.0,252.0,1039.0
customer #1129,860.0,37.0,121.0,1106.0
customer #1130,207.0,27.0,156.8,451.0
customer #1131,36.0,54.0,417.5,779.0
customer #1132,824.0,76.0,151.0,388.0
customer #1133,60.0,10.0,311.9,888.0
customer #1134,169.0,20.0,695.3,456.0
customer #1135,633.0,31.0,158.0,788.0
customer #1136,64.0,17.0,140.8,468.0
customer #1137,562.0,27.0,104.0,826.0
customer #1138,150.0,27.0,160.8,541.0
customer #1139,300.0,59.0,117.0,575.0
customer #1140,59.0,39.0,78.0,469.0
customer #1141,186.0,12.0,312.0,870.0
customer #1142,335.0,88.0,985.0,1100.0
customer #1143,57.0,8.0,16.0,860.0
customer #1144,547.0,29.0,104.0,968.0
customer #1145,559.0,42.0,82.0,826.0
customer #1146,85.0,123.0,5901.7,673.0
customer #1147,23.0,28.0,196.0,1134.0
customer #1148,846.0,49.0,146.0,1301.0
customer #1149,307.0,14.0,75.0,607.0
customer #1150,212.0,115.0,333.8,997.0
customer #1151,55.0,49.0,145.0,890.0
customer #1152,535.0,133.0,832.0,1141.0
customer #1153,622.0,1.0,52.0,898.0
customer #1154,82.0,119.0,3000.4,1136.0
customer #1155,207.0,23.0,44.0,908.0
customer #1156,379.0,45.0,89.0,970.0
customer #1157,30.0,64.0,111.0,604.0
customer #1158,365.0,2.0,196.0,579.0
customer #1159,381.0,37.0,69.0,311.0
customer #1160,805.0,16.0,79.0,1046.0
customer #1161,109.0,32.0,443.9,1055.0
customer #1162,207.0,20.0,146.8,463.0
customer #1163,591.0,53.0,345.0,1422.0
customer #1164,620.0,18.0,83.0,861.0
customer #1165,160.0,58.0,157.12,409.0
customer #1166,57.0,51.0,99.0,469.0
customer #1167,179.0,50.0,1489.9,1301.0
customer #1168,518.0,12.0,211.0,990.0
customer #1169,90.0,95.0,2921.4,673.0
customer #1170,591.0,36.0,118.0,839.0
customer #1171,422.0,114.0,1050.0,685.0
customer #1172,807.0,4.0,54.0,1422.0
customer #1173,28.0,43.0,1952.6,855.0
customer #1174,873.0,22.0,91.0,1115.0
customer #1175,147.0,39.0,75.0,583.0
customer #1176,422.0,138.0,317.0,959.0
customer #1177,460.0,124.0,869.0,1084.0
customer #1178,274.0,38.0,1028.9,728.0
customer #1179,39.0,25.0,402.6,829.0
customer #1180,47.0,39.0,641.95,664.0
customer #1181,222.0,189.0,428.9,498.0
customer #1182,150.0,27.0,152.0,583.0
customer #1183,194.0,17.0,296.5,1064.0
customer #1184,431.0,95.0,476.0,959.0
customer #1185,116.0,17.0,84.9,357.0
customer #1186,84.0,82.0,5908.7,550.0
customer #1187,53.0,62.0,173.0,397.0
customer #1188,15.0,45.0,53.0,511.0
customer #1189,119.0,13.0,77.9,418.0
customer #1190,29.0,34.0,336.5,418.0
customer #1191,142.0,22.0,85.12,384.0
customer #1192,134.0,104.0,207.0,583.0
customer #1193,138.0,83.0,166.0,361.0
customer #1194,11.0,68.0,502.5,787.0
customer #1195,93.0,36.0,119.0,550.0
customer #1196,49.0,55.0,104.0,313.0
customer #1197,180.0,6.0,169.7,472.0
customer #1198,153.0,10.0,117.0,361.0
customer #1199,537.0,80.0,544.0,825.0
customer #1200,369.0,27.0,148.0,786.0
customer #1201,307.0,37.0,268.0,554.0
customer #1202,100.0,98.0,268.0,849.0
customer #1203,149.0,33.0,170.8,541.0
customer #1204,77.0,73.0,560.3,560.0
customer #1205,571.0,29.0,105.0,786.0
customer #1206,380.0,39.0,274.0,970.0
customer #1207,383.0,24.0,49.0,970.0
customer #1208,21.0,28.0,73.9,583.0
customer #1209,203.0,39.0,184.8,505.0
customer #1210,578.0,17.0,130.0,598.0
customer #1211,601.0,80.0,206.0,1060.0
customer #1212,129.0,129.0,417.7,402.0
customer #1213,570.0,53.0,205.0,908.0
customer #1214,484.0,27.0,342.0,971.0
customer #1215,201.0,49.0,96.0,505.0
customer #1216,555.0,59.0,116.0,826.0
customer #1217,221.0,92.0,397.6,477.0
customer #1218,20.0,34.0,32.0,586.0
customer #1219,171.0,87.0,460.0,870.0
customer #1220,186.0,17.0,139.8,693.0
customer #1221,552.0,74.0,1184.0,1332.0
customer #1222,627.0,64.0,175.0,818.0
customer #1223,153.0,10.0,116.0,402.0
customer #1224,378.0,51.0,103.0,970.0
customer #1225,139.0,82.0,162.0,583.0
customer #1226,230.0,55.0,208.9,1114.0
customer #1227,381.0,36.0,269.0,970.0
customer #1228,145.0,49.0,195.0,361.0
customer #1229,232.0,36.0,70.0,917.0
customer #1230,687.0,53.0,156.0,729.0
customer #1231,26.0,12.0,627.4,538.0
customer #1232,552.0,30.0,156.0,796.0
customer #1233,144.0,13.0,180.7,552.0
customer #1234,208.0,17.0,33.0,463.0
customer #1235,153.0,10.0,179.7,583.0
customer #1236,191.0,60.0,107.0,500.0
customer #1237,142.0,67.0,134.0,541.0
customer #1238,162.0,139.0,330.9,662.0
customer #1239,201.0,52.0,210.8,505.0
customer #1240,25.0,26.0,87.9,748.0
customer #1241,362.0,26.0,100.0,487.0
customer #1242,567.0,3.0,53.0,826.0
customer #1243,204.0,36.0,126.9,505.0
customer #1244,307.0,46.0,622.0,833.0
customer #1245,564.0,14.0,76.0,358.0
customer #1246,699.0,13.0,26.0,914.0
customer #1247,142.0,66.0,228.0,401.0
customer #1248,99.0,33.0,2829.4,550.0
customer #1249,883.0,19.0,84.0,1332.0
customer #1250,60.0,24.0,47.0,397.0
customer #1251,135.0,27.0,159.8,378.0
customer #1252,207.0,18.0,88.9,463.0
customer #1253,145.0,53.0,103.0,541.0
customer #1254,243.0,47.0,144.9,695.0
customer #1255,322.0,2.0,51.0,563.0
customer #1256,209.0,10.0,73.9,908.0
customer #1257,564.0,17.0,33.0,358.0
customer #1258,491.0,4.0,102.0,778.0
customer #1259,576.0,27.0,54.0,449.0
customer #1260,151.0,20.0,147.8,361.0
customer #1261,152.0,15.0,29.0,401.0
customer #1262,188.0,9.0,262.8,441.0
customer #1263,194.0,86.0,279.8,463.0
customer #1264,525.0,29.0,58.0,995.0
customer #1265,181.0,32.0,55.0,444.0
customer #1266,133.0,67.0,285.8,552.0
customer #1267,28.0,36.0,103.0,776.0
customer #1268,494.0,20.0,181.0,781.0
customer #1269,325.0,15.0,29.0,566.0
customer #1270,53.0,113.0,252.9,1042.0
customer #1271,66.0,8.0,14.0,700.0
customer #1272,548.0,25.0,96.0,968.0
customer #1273,571.0,28.0,201.0,755.0
customer #1274,145.0,51.0,206.8,361.0
customer #1275,423.0,70.0,1109.0,1069.0
customer #1276,150.0,25.0,146.0,401.0
customer #1277,136.0,93.0,348.7,402.0
customer #1278,437.0,59.0,118.0,687.0
customer #1279,420.0,20.0,87.0,428.0
customer #1280,32.0,65.0,93.0,542.0
customer #1281,795.0,68.0,282.0,1422.0
customer #1282,658.0,96.0,289.0,911.0
customer #1283,832.0,33.0,66.0,1077.0
customer #1284,147.0,39.0,183.8,402.0
customer #1285,136.0,94.0,283.0,541.0
customer #1286,170.0,84.0,1555.4,447.0
customer #1287,570.0,54.0,106.0,908.0
customer #1288,261.0,5.0,7.0,700.0
customer #1289,740.0,4.0,55.0,979.0
customer #1290,153.0,8.0,124.8,583.0
customer #1291,147.0,41.0,241.7,401.0
customer #1292,572.0,45.0,90.0,598.0
customer #1293,662.0,56.0,404.0,951.0
customer #1294,574.0,35.0,118.0,908.0
customer #1295,201.0,105.0,207.0,460.0
customer #1296,28.0,7.0,1712.3,1039.0
customer #1297,187.0,39.0,78.0,955.0
customer #1298,43.0,9.0,172.7,245.0
customer #1299,492.0,4.0,105.0,997.0
customer #1300,149.0,20.0,143.9,552.0
customer #1301,302.0,53.0,103.0,575.0
customer #1302,50.0,89.0,279.8,469.0
customer #1303,361.0,33.0,113.0,487.0
customer #1304,363.0,14.0,214.0,579.0
customer #1305,13.0,70.0,158.9,441.0
customer #1306,104.0,77.0,226.0,728.0
customer #1307,840.0,29.0,105.0,1099.0
customer #1308,154.0,5.0,171.7,583.0
customer #1309,151.0,19.0,145.8,401.0
customer #1310,206.0,26.0,52.0,908.0
customer #1311,171.0,35.0,158.12,1074.0
customer #1312,145.0,50.0,259.7,361.0
customer #1313,226.0,2.0,58.9,464.0
customer #1314,309.0,15.0,29.0,552.0
customer #1315,623.0,61.0,169.0,873.0
customer #1316,298.0,46.0,186.0,1179.0
customer #1317,146.0,46.0,199.8,402.0
customer #1318,332.0,38.0,408.0,869.0
customer #1319,147.0,40.0,238.7,361.0
customer #1320,875.0,83.0,162.0,1140.0
customer #1321,63.0,23.0,22.0,397.0
customer #1322,382.0,31.0,63.0,970.0
customer #1323,142.0,18.0,493.4,827.0
customer #1324,580.0,76.0,248.0,835.0
customer #1325,205.0,23.0,148.8,421.0
customer #1326,509.0,34.0,116.0,784.0
customer #1327,767.0,7.0,156.0,1034.0
customer #1328,669.0,31.0,109.0,972.0
customer #1329,862.0,71.0,188.0,1114.0
customer #1330,213.0,10.0,15.0,463.0
customer #1331,297.0,67.0,325.0,585.0
customer #1332,62.0,158.0,695.9,945.0
customer #1333,225.0,8.0,68.9,464.0
customer #1334,18.0,58.0,213.0,776.0
customer #1335,41.0,24.0,261.6,286.0
customer #1336,53.0,22.0,199.7,433.0
customer #1337,614.0,51.0,296.0,862.0
customer #1338,611.0,62.0,269.0,861.0
customer #1339,151.0,21.0,43.0,402.0
customer #1340,201.0,49.0,99.0,505.0
customer #1341,623.0,9.0,206.0,881.0
customer #1342,228.0,27.0,105.9,361.0
customer #1343,212.0,9.0,395.3,888.0
customer #1344,834.0,23.0,46.0,1077.0
customer #1345,32.0,55.0,803.9,866.0
customer #1346,210.0,10.0,358.9,787.0
customer #1347,822.0,86.0,270.0,388.0
customer #1348,877.0,73.0,142.0,1112.0
customer #1349,25.0,61.0,112.0,418.0
customer #1350,361.0,24.0,338.0,579.0
customer #1351,340.0,8.0,63.0,608.0
customer #1352,59.0,41.0,80.0,468.0
